id,first_name,last_name,email,gender,age
1,Thekla,Atwel,tatwel0@economist.com,Female,56
2,Eustace,Grellis,egrellis1@wikimedia.org,Male,26
3,Egbert,Phythian,ephythian2@buzzfeed.com,Male,57
4,Tomkin,Ludee,tludee3@rediff.com,Male,63
5,Davey,Genner,dgenner4@cocolog-nifty.com,Male,91
6,Marrilee,Sedger,msedger5@about.com,Female,56
7,Dody,Rulf,drulf6@dagondesign.com,Female,26
8,Alfreda,Manders,amanders7@state.tx.us,Female,42
9,Portia,Greystoke,pgreystoke8@smugmug.com,Genderfluid,52
10,Kacie,Krook,kkrook9@aol.com,Female,43
11,Rowena,Braidley,rbraidleya@mac.com,Female,58
12,Missie,Bould,mbouldb@indiegogo.com,Female,31
13,Ofilia,Sunter,osunterc@yellowbook.com,Female,59
14,Crichton,MacLure,cmaclured@csmonitor.com,Male,22
15,Jean,Briscoe,jbriscoee@rediff.com,Male,75
16,Arnuad,Butterfill,abutterfillf@freewebs.com,Male,27
17,Annalise,Parkes,aparkesg@stanford.edu,Female,95
18,Talbot,Wollacott,twollacotth@aol.com,Male,35
19,Cherry,Swannell,cswannelli@simplemachines.org,Female,26
20,Emogene,Piers,epiersj@sourceforge.net,Female,72
21,Vickie,Meert,vmeertk@redcross.org,Female,72
22,Guinna,Summergill,gsummergilll@youtube.com,Female,44
23,Pierce,Swidenbank,pswidenbankm@etsy.com,Male,40
24,Jocelin,Vernau,jvernaun@taobao.com,Genderqueer,77
25,Hilde,Mozzetti,hmozzettio@symantec.com,Polygender,29
26,Bancroft,Clinch,bclinchp@trellian.com,Male,91
27,Westbrook,Larciere,wlarciereq@loc.gov,Male,25
28,Faun,Wassell,fwassellr@jiathis.com,Female,47
29,Bertrand,Dober,bdobers@studiopress.com,Male,67
30,Saw,Beagrie,sbeagriet@hc360.com,Male,55
31,Welby,Mellhuish,wmellhuishu@fastcompany.com,Male,83
32,Dania,Napolione,dnapolionev@behance.net,Female,93
33,Agnese,Measham,ameashamw@51.la,Female,86
34,Mattie,Bartkowiak,mbartkowiakx@instagram.com,Female,93
35,Cesar,Phythien,cphythieny@posterous.com,Male,39
36,Floris,Masser,fmasserz@google.de,Female,69
37,Hakeem,Hagart,hhagart10@youtube.com,Male,65
38,Gawen,Thoresbie,gthoresbie11@comcast.net,Male,39
39,Griffie,Lapsley,glapsley12@dot.gov,Male,55
40,Constanta,Ruckert,cruckert13@symantec.com,Female,61
41,Erek,Colten,ecolten14@icq.com,Male,27
42,Ainslie,Gilbane,agilbane15@unblog.fr,Female,55
43,Sissy,McGilleghole,smcgilleghole16@themeforest.net,Female,78
44,Candy,Lathaye,clathaye17@liveinternet.ru,Female,87
45,Keary,Wightman,kwightman18@state.tx.us,Male,61
46,Redford,Piffe,rpiffe19@gmpg.org,Male,49
47,Rozelle,Pinkerton,rpinkerton1a@blogs.com,Female,31
48,Olwen,Lardeur,olardeur1b@businessinsider.com,Female,69
49,Jasen,Mullender,jmullender1c@mapy.cz,Male,86
50,Grissel,Brotherton,gbrotherton1d@newyorker.com,Female,89
51,Terza,Nassie,tnassie1e@buzzfeed.com,Female,97
52,Mirabel,Hiskey,mhiskey1f@ihg.com,Female,38
53,Chrissy,Avramovich,cavramovich1g@people.com.cn,Genderqueer,37
54,Sophie,Needham,sneedham1h@go.com,Female,92
55,Josiah,Towsey,jtowsey1i@histats.com,Bigender,53
56,Ollie,Holdworth,oholdworth1j@webs.com,Male,58
57,Coleman,Melwall,cmelwall1k@unicef.org,Male,38
58,Kristina,Greyes,kgreyes1l@etsy.com,Genderqueer,96
59,Aurelie,Sculpher,asculpher1m@aol.com,Female,28
60,Holly-anne,Ryde,hryde1n@flickr.com,Female,93
61,Jude,Slayford,jslayford1o@java.com,Male,96
62,Papagena,Le Teve,pleteve1p@netscape.com,Female,28
63,Denys,Blamphin,dblamphin1q@storify.com,Male,89
64,Rebeca,Havill,rhavill1r@businessinsider.com,Genderfluid,40
65,Yovonnda,Cardwell,ycardwell1s@reference.com,Female,59
66,Jewel,Bener,jbener1t@scribd.com,Female,51
67,Jennine,Zisneros,jzisneros1u@mediafire.com,Female,76
68,Loleta,Flott,lflott1v@facebook.com,Female,32
69,Corbett,Nairy,cnairy1w@com.com,Male,23
70,Aubree,Plevin,aplevin1x@nymag.com,Female,79
71,Rey,Hebblewaite,rhebblewaite1y@1und1.de,Female,91
72,Candi,Matushenko,cmatushenko1z@flickr.com,Female,58
73,Hatty,Bilsford,hbilsford20@ezinearticles.com,Genderfluid,84
74,Sibley,Thebe,sthebe21@51.la,Agender,45
75,Josefina,D'Alessandro,jdalessandro22@soup.io,Female,73
76,Bond,Jenik,bjenik23@biglobe.ne.jp,Male,74
77,Ray,Mungin,rmungin24@google.it,Bigender,38
78,Edwina,McCrie,emccrie25@illinois.edu,Female,66
79,Tootsie,O'Reilly,toreilly26@ocn.ne.jp,Polygender,60
80,Elinore,Glennard,eglennard27@ibm.com,Female,73
81,Berny,Wartnaby,bwartnaby28@thetimes.co.uk,Female,29
82,Marika,Aslet,maslet29@amazon.com,Agender,70
83,Stinky,Mattevi,smattevi2a@ehow.com,Male,40
84,Angelika,Camacke,acamacke2b@jugem.jp,Female,72
85,Nikita,Tooze,ntooze2c@usnews.com,Male,92
86,Sherm,Towhey,stowhey2d@hubpages.com,Male,39
87,Giacopo,Lyven,glyven2e@state.tx.us,Male,99
88,Barrie,Gracey,bgracey2f@github.io,Female,92
89,Bronson,Argent,bargent2g@pagesperso-orange.fr,Male,69
90,Norris,Delamaine,ndelamaine2h@vistaprint.com,Genderfluid,83
91,Leland,Aucoate,laucoate2i@pagesperso-orange.fr,Female,26
92,Glenine,Macveigh,gmacveigh2j@marketwatch.com,Female,96
93,Amity,Trail,atrail2k@cbslocal.com,Genderqueer,34
94,Tonya,Zappel,tzappel2l@pagesperso-orange.fr,Female,31
95,Gabriella,Jatczak,gjatczak2m@japanpost.jp,Bigender,75
96,Fabian,Tuffs,ftuffs2n@parallels.com,Male,73
97,Stern,Hurdidge,shurdidge2o@tumblr.com,Agender,84
98,Tessa,Oley,toley2p@microsoft.com,Female,84
99,Vina,Blonfield,vblonfield2q@123-reg.co.uk,Female,84
100,Elmo,Blinerman,eblinerman2r@163.com,Male,86
101,Ingemar,Salvidge,isalvidge2s@g.co,Male,23
102,Stanly,Danzelman,sdanzelman2t@amazon.co.uk,Male,21
103,Dory,McKerrow,dmckerrow2u@usgs.gov,Male,83
104,Raye,Leaming,rleaming2v@blog.com,Female,44
105,Harwell,Brotherhood,hbrotherhood2w@scientificamerican.com,Male,62
106,Chrysler,Mayhou,cmayhou2x@shutterfly.com,Female,58
107,Gwyneth,Andras,gandras2y@imageshack.us,Female,27
108,Frasier,Joyes,fjoyes2z@sciencedirect.com,Male,80
109,Lurette,Tolwood,ltolwood30@upenn.edu,Female,95
110,Lianne,Oloshin,loloshin31@so-net.ne.jp,Female,54
111,Alwin,Saddleton,asaddleton32@mlb.com,Male,47
112,Graehme,Swafield,gswafield33@seattletimes.com,Male,85
113,Nevsa,Dionisetti,ndionisetti34@google.co.uk,Female,39
114,Sancho,Malcolmson,smalcolmson35@dailymail.co.uk,Genderfluid,47
115,Janis,Avarne,javarne36@miibeian.gov.cn,Female,57
116,Norean,Cardenas,ncardenas37@jugem.jp,Female,81
117,Diarmid,Klos,dklos38@printfriendly.com,Male,83
118,Seymour,Jurick,sjurick39@t.co,Male,32
119,Malvin,Paridge,mparidge3a@nymag.com,Male,74
120,Wolfy,Panner,wpanner3b@linkedin.com,Male,84
121,Estella,Golborn,egolborn3c@dmoz.org,Female,28
122,Trumann,Southwick,tsouthwick3d@mtv.com,Male,35
123,Valida,Mathis,vmathis3e@nba.com,Female,27
124,Laurene,Connor,lconnor3f@oakley.com,Female,54
125,Nydia,Rocco,nrocco3g@umich.edu,Female,93
126,Brodie,Belfelt,bbelfelt3h@com.com,Male,77
127,Sadie,Chettle,schettle3i@prnewswire.com,Female,22
128,Madelle,Ellerbeck,mellerbeck3j@baidu.com,Female,34
129,Tiertza,Lillyman,tlillyman3k@shop-pro.jp,Female,63
130,Vinny,Dorbin,vdorbin3l@guardian.co.uk,Male,57
131,Kevina,Caldayrou,kcaldayrou3m@icq.com,Female,30
132,Mildrid,McCaskell,mmccaskell3n@w3.org,Female,55
133,Ivett,Bank,ibank3o@ucoz.com,Female,77
134,Sherlocke,Berge,sberge3p@alexa.com,Male,32
135,Dallis,Lynn,dlynn3q@pen.io,Male,63
136,Elsey,Shrimpling,eshrimpling3r@latimes.com,Female,39
137,Amitie,McLenaghan,amclenaghan3s@hatena.ne.jp,Female,47
138,Daisy,Gerber,dgerber3t@wikimedia.org,Polygender,44
139,Asher,Aldam,aaldam3u@cam.ac.uk,Male,80
140,Rocky,Rudwell,rrudwell3v@theglobeandmail.com,Male,26
141,Elvis,Storrier,estorrier3w@slideshare.net,Male,56
142,Prudy,Mapston,pmapston3x@adobe.com,Female,75
143,Burtie,Sara,bsara3y@indiatimes.com,Male,42
144,Tildi,Wiggam,twiggam3z@ezinearticles.com,Female,97
145,Wit,Satteford,wsatteford40@ycombinator.com,Male,26
146,Francine,Volage,fvolage41@marketwatch.com,Female,66
147,Demetris,Dalliwatr,ddalliwatr42@diigo.com,Genderfluid,85
148,Fanchette,Pollock,fpollock43@is.gd,Female,45
149,My,Caughtry,mcaughtry44@joomla.org,Agender,51
150,Kristoffer,Lissandre,klissandre45@163.com,Male,45
151,Chandra,Vakhrushin,cvakhrushin46@parallels.com,Female,90
152,Bonnibelle,Wildey,bwildey47@cnn.com,Female,54
153,Kermit,Stoll,kstoll48@hugedomains.com,Male,49
154,Deborah,Maffetti,dmaffetti49@hugedomains.com,Female,51
155,Tiebout,Barrow,tbarrow4a@foxnews.com,Male,86
156,Cletis,Legister,clegister4b@reference.com,Male,84
157,Boycey,Lankford,blankford4c@storify.com,Male,63
158,Boothe,Pasby,bpasby4d@amazon.com,Male,90
159,Deeann,Gosselin,dgosselin4e@multiply.com,Female,84
160,Francklin,Double,fdouble4f@elegantthemes.com,Male,66
161,Starlene,Bartunek,sbartunek4g@msn.com,Female,71
162,Tracie,Ingrem,tingrem4h@telegraph.co.uk,Polygender,42
163,Eolande,Guerre,eguerre4i@squarespace.com,Female,27
164,Myrvyn,Regnard,mregnard4j@flavors.me,Male,70
165,Egan,Zapata,ezapata4k@walmart.com,Male,78
166,Tommy,Maypes,tmaypes4l@trellian.com,Male,68
167,Warren,Cornely,wcornely4m@sitemeter.com,Male,60
168,Lyndsey,Mouse,lmouse4n@columbia.edu,Female,85
169,Nikaniki,Adiscot,nadiscot4o@java.com,Female,68
170,Maggi,McKinney,mmckinney4p@tmall.com,Female,94
171,Hogan,Duchenne,hduchenne4q@noaa.gov,Male,55
172,Sheri,Showte,sshowte4r@nifty.com,Female,85
173,Miltie,Tabor,mtabor4s@eventbrite.com,Male,42
174,Joeann,Stirland,jstirland4t@clickbank.net,Female,81
175,Aguste,Halladey,ahalladey4u@tinypic.com,Male,96
176,Von,Aronstam,varonstam4v@chronoengine.com,Male,64
177,Chris,O'Siaghail,cosiaghail4w@loc.gov,Female,50
178,Else,Diamant,ediamant4x@uiuc.edu,Female,46
179,Martin,Jereatt,mjereatt4y@reuters.com,Male,85
180,Abigail,Feehely,afeehely4z@mozilla.com,Female,51
181,Toby,Dmiterko,tdmiterko50@mashable.com,Male,22
182,Neilla,Goodfellow,ngoodfellow51@scientificamerican.com,Female,55
183,Hillier,Ryley,hryley52@mediafire.com,Male,84
184,Elnar,Feehan,efeehan53@networkadvertising.org,Male,60
185,Ade,Blaschek,ablaschek54@canalblog.com,Male,34
186,Merrill,Laflin,mlaflin55@bizjournals.com,Male,52
187,Alli,Gerriessen,agerriessen56@cdc.gov,Female,41
188,Curtis,Wheatland,cwheatland57@cisco.com,Male,25
189,Cahra,Blunsom,cblunsom58@histats.com,Female,29
190,Rasia,Murra,rmurra59@cbc.ca,Female,40
191,Brenden,Buxy,bbuxy5a@army.mil,Genderfluid,34
192,Tadd,Widger,twidger5b@wired.com,Male,47
193,Shep,Sisland,ssisland5c@ifeng.com,Male,85
194,Brittaney,Jennins,bjennins5d@oaic.gov.au,Female,64
195,Annabell,Herreran,aherreran5e@pagesperso-orange.fr,Female,31
196,Cynde,Perri,cperri5f@ca.gov,Female,21
197,Obadiah,Corson,ocorson5g@twitter.com,Male,68
198,Ringo,Zukierman,rzukierman5h@diigo.com,Male,85
199,Linc,Rennix,lrennix5i@discuz.net,Male,25
200,Marillin,Gherardi,mgherardi5j@guardian.co.uk,Female,53
201,Jerrylee,Starrs,jstarrs5k@washington.edu,Polygender,82
202,Marwin,Henfre,mhenfre5l@blinklist.com,Male,88
203,Creighton,Hadgraft,chadgraft5m@sbwire.com,Male,59
204,Linn,Snelling,lsnelling5n@businessinsider.com,Male,66
205,Malinde,Edgworth,medgworth5o@rediff.com,Female,33
206,Devinne,Pollastrone,dpollastrone5p@wikia.com,Female,98
207,Cello,Shutle,cshutle5q@ihg.com,Male,55
208,Karry,Roots,kroots5r@sun.com,Female,31
209,Brucie,Beaumont,bbeaumont5s@sakura.ne.jp,Male,71
210,Lazarus,Crichten,lcrichten5t@pagesperso-orange.fr,Male,44
211,Joyous,Goatman,jgoatman5u@ebay.co.uk,Female,89
212,Kathlin,Kleynen,kkleynen5v@theatlantic.com,Bigender,30
213,Jedd,Giffin,jgiffin5w@privacy.gov.au,Male,71
214,Margarethe,Palmer,mpalmer5x@abc.net.au,Female,99
215,Nelli,Solomonides,nsolomonides5y@geocities.com,Female,55
216,Doralyn,Kasparski,dkasparski5z@quantcast.com,Female,42
217,Berna,Hartup,bhartup60@storify.com,Female,60
218,Frederico,Fulstow,ffulstow61@sakura.ne.jp,Male,98
219,Kalindi,Tapner,ktapner62@accuweather.com,Female,23
220,Ryley,Tremain,rtremain63@slideshare.net,Male,77
221,Audy,Deuss,adeuss64@amazon.co.uk,Female,81
222,Blinni,Robjents,brobjents65@wikia.com,Female,74
223,Justus,Labitt,jlabitt66@sourceforge.net,Non-binary,47
224,Kahlil,Goolden,kgoolden67@goodreads.com,Non-binary,42
225,Edlin,Hatwell,ehatwell68@vimeo.com,Genderfluid,50
226,Sullivan,Keaveny,skeaveny69@slate.com,Male,89
227,Gay,Hirsthouse,ghirsthouse6a@etsy.com,Male,28
228,Alexandrina,Kemetz,akemetz6b@about.com,Female,65
229,Archie,Grinval,agrinval6c@hibu.com,Male,57
230,Carline,Bruhnke,cbruhnke6d@printfriendly.com,Female,66
231,Steffane,Hebner,shebner6e@ox.ac.uk,Female,29
232,Dannye,Quincee,dquincee6f@apache.org,Female,41
233,Jenelle,Krystof,jkrystof6g@imgur.com,Female,38
234,Yvette,Janowicz,yjanowicz6h@icq.com,Polygender,63
235,Bertie,Seatter,bseatter6i@sbwire.com,Female,21
236,Balduin,Gellibrand,bgellibrand6j@meetup.com,Male,55
237,Brendon,Dudhill,bdudhill6k@a8.net,Male,21
238,Mathe,Goodley,mgoodley6l@oracle.com,Male,55
239,Auria,Kaesmakers,akaesmakers6m@so-net.ne.jp,Female,82
240,Arni,Mitchell,amitchell6n@shinystat.com,Male,68
241,Mathilde,Binstead,mbinstead6o@wikispaces.com,Female,60
242,Kristin,Brideaux,kbrideaux6p@digg.com,Female,60
243,Reuben,Adriaan,radriaan6q@yellowpages.com,Male,47
244,Launce,Bamsey,lbamsey6r@mapy.cz,Male,38
245,Kipp,Benjefield,kbenjefield6s@timesonline.co.uk,Female,81
246,Loretta,Whytock,lwhytock6t@51.la,Female,63
247,Karla,Adamoli,kadamoli6u@salon.com,Female,28
248,Rustin,Keepence,rkeepence6v@skype.com,Polygender,36
249,Daisey,Jain,djain6w@illinois.edu,Female,98
250,Reine,Peet,rpeet6x@ucoz.ru,Female,99
251,Karim,Henfre,khenfre6y@theglobeandmail.com,Male,75
252,Florry,Gumb,fgumb6z@discuz.net,Female,71
253,Monique,Poff,mpoff70@tuttocitta.it,Female,94
254,Manolo,O'Loughlin,moloughlin71@homestead.com,Male,36
255,Gustav,Deverall,gdeverall72@vinaora.com,Male,91
256,Luis,Benka,lbenka73@instagram.com,Male,41
257,Aldric,Dorin,adorin74@studiopress.com,Male,33
258,Codee,Bernard,cbernard75@linkedin.com,Female,83
259,Emile,Timoney,etimoney76@storify.com,Male,84
260,Maurene,Bode,mbode77@gmpg.org,Genderqueer,34
261,Gunner,Gainseford,ggainseford78@1und1.de,Male,48
262,Theda,Winsom,twinsom79@furl.net,Female,88
263,Mollie,Seston,mseston7a@ask.com,Female,93
264,Newton,Trebble,ntrebble7b@msu.edu,Male,31
265,Leonelle,Dimsdale,ldimsdale7c@arstechnica.com,Female,93
266,Johnna,Collete,jcollete7d@surveymonkey.com,Female,36
267,Lesli,Grinikhinov,lgrinikhinov7e@usda.gov,Female,43
268,Rosaline,St Louis,rstlouis7f@behance.net,Female,58
269,Zara,Harburtson,zharburtson7g@ucla.edu,Female,78
270,Kele,Oriel,koriel7h@goodreads.com,Male,20
271,Felice,Vosse,fvosse7i@mysql.com,Male,33
272,Bevin,Jansie,bjansie7j@webnode.com,Male,92
273,Katharyn,Bazelle,kbazelle7k@tumblr.com,Female,73
274,Odette,Pegg,opegg7l@deliciousdays.com,Female,47
275,Val,Musterd,vmusterd7m@ocn.ne.jp,Female,60
276,Tabbi,Cornick,tcornick7n@yellowpages.com,Female,89
277,Johann,Kiff,jkiff7o@liveinternet.ru,Polygender,52
278,Nicolais,Shovelin,nshovelin7p@wikispaces.com,Male,92
279,Isidor,O'Dougherty,iodougherty7q@harvard.edu,Male,94
280,Georgie,Duling,gduling7r@fda.gov,Female,49
281,Shelly,Crees,screes7s@squidoo.com,Genderfluid,72
282,Stacy,Greenset,sgreenset7t@blogger.com,Female,48
283,Kerr,Balham,kbalham7u@toplist.cz,Male,27
284,Ruperto,Connolly,rconnolly7v@cornell.edu,Male,37
285,Harriot,Keling,hkeling7w@bbb.org,Female,60
286,Ianthe,Loffhead,iloffhead7x@cnbc.com,Female,40
287,Junina,Zanardii,jzanardii7y@bandcamp.com,Female,32
288,Fleming,Lamborn,flamborn7z@elpais.com,Male,67
289,Barbe,McCerery,bmccerery80@apple.com,Female,65
290,Rees,Haylor,rhaylor81@zimbio.com,Male,51
291,Osborne,Ridsdale,oridsdale82@alibaba.com,Male,80
292,Trevar,Ludlam,tludlam83@over-blog.com,Male,92
293,Hulda,Tegler,htegler84@salon.com,Female,55
294,Godfry,Probets,gprobets85@multiply.com,Male,89
295,Danell,Crockley,dcrockley86@wikimedia.org,Female,29
296,Lydon,Duhig,lduhig87@blogger.com,Male,58
297,Coop,Fox,cfox88@elegantthemes.com,Male,50
298,Phillida,Mary,pmary89@addthis.com,Genderqueer,30
299,Roanne,Fasse,rfasse8a@taobao.com,Female,88
300,Jocko,Gilkison,jgilkison8b@mashable.com,Male,47
301,Flynn,Francombe,ffrancombe8c@merriam-webster.com,Male,100
302,Hervey,Berecloth,hberecloth8d@irs.gov,Male,76
303,Orlan,Dufaur,odufaur8e@cornell.edu,Male,95
304,Langsdon,Middup,lmiddup8f@biblegateway.com,Genderqueer,82
305,Thaine,Beale,tbeale8g@deliciousdays.com,Male,25
306,Carver,Stredwick,cstredwick8h@apache.org,Agender,34
307,Carlynne,Heazel,cheazel8i@patch.com,Female,63
308,Jeane,Rentoll,jrentoll8j@columbia.edu,Female,48
309,Daryle,Gowland,dgowland8k@cbc.ca,Male,81
310,Chelsie,Rushforth,crushforth8l@time.com,Female,39
311,Fonsie,Ygou,fygou8m@de.vu,Male,28
312,Huey,Cranna,hcranna8n@amazon.com,Male,49
313,Wynn,Robertson,wrobertson8o@rakuten.co.jp,Female,35
314,Yard,Mc Carrick,ymccarrick8p@dot.gov,Male,61
315,Sidney,Cohalan,scohalan8q@dyndns.org,Male,28
316,Roy,Stollsteimer,rstollsteimer8r@virginia.edu,Male,65
317,Obidiah,McReidy,omcreidy8s@webeden.co.uk,Agender,92
318,Esme,Stirley,estirley8t@tamu.edu,Female,69
319,Gretna,Misken,gmisken8u@examiner.com,Female,66
320,Holt,McAviy,hmcaviy8v@hostgator.com,Male,59
321,Giraldo,Fewkes,gfewkes8w@wikipedia.org,Male,41
322,Elfrieda,Golson,egolson8x@vkontakte.ru,Genderqueer,38
323,Leopold,Lorriman,llorriman8y@booking.com,Male,91
324,Viola,Juzek,vjuzek8z@over-blog.com,Female,100
325,Hamid,Koene,hkoene90@xrea.com,Non-binary,95
326,Isidore,Sulman,isulman91@delicious.com,Non-binary,37
327,Alix,Jacobsz,ajacobsz92@elpais.com,Female,32
328,Adlai,Fransemai,afransemai93@nyu.edu,Male,91
329,Kassandra,Kolczynski,kkolczynski94@a8.net,Female,52
330,Scarlett,Benmore,sbenmore95@wordpress.org,Non-binary,90
331,Alvin,Drejer,adrejer96@telegraph.co.uk,Male,75
332,Linette,Excell,lexcell97@opera.com,Female,73
333,Pansy,Mavin,pmavin98@seesaa.net,Female,45
334,Nona,Dallyn,ndallyn99@wp.com,Female,44
335,Robbyn,Whetnall,rwhetnall9a@artisteer.com,Female,57
336,Tommi,Rusling,trusling9b@amazon.com,Bigender,79
337,Lizzy,Shayes,lshayes9c@geocities.jp,Female,48
338,Drucill,Croxford,dcroxford9d@php.net,Female,63
339,Janet,Crimin,jcrimin9e@earthlink.net,Female,32
340,Lawton,Dunsire,ldunsire9f@independent.co.uk,Male,54
341,Irving,Posen,iposen9g@google.de,Male,87
342,Lisetta,Tixall,ltixall9h@last.fm,Female,92
343,Englebert,Albon,ealbon9i@csmonitor.com,Male,94
344,Roger,McCrea,rmccrea9j@oracle.com,Male,93
345,Jeanine,Murrigan,jmurrigan9k@noaa.gov,Female,45
346,Jacques,Kenningham,jkenningham9l@is.gd,Agender,83
347,Liva,Bossingham,lbossingham9m@e-recht24.de,Female,48
348,Saudra,Largen,slargen9n@mozilla.org,Female,39
349,Maude,Antoniottii,mantoniottii9o@dmoz.org,Female,59
350,Vonni,Grigorian,vgrigorian9p@mozilla.org,Female,74
351,Chryste,Morby,cmorby9q@i2i.jp,Female,73
352,Melba,Chance,mchance9r@merriam-webster.com,Female,97
353,Baryram,Hazzard,bhazzard9s@rediff.com,Male,67
354,Burlie,Kiehne,bkiehne9t@technorati.com,Male,55
355,Virgie,Hinken,vhinken9u@yandex.ru,Genderfluid,94
356,Penny,Tulley,ptulley9v@amazon.de,Male,88
357,Willi,Yoodall,wyoodall9w@tuttocitta.it,Male,63
358,Renato,Tuttiett,rtuttiett9x@youku.com,Male,90
359,Carry,Balassa,cbalassa9y@nih.gov,Female,77
360,Corri,Filkin,cfilkin9z@wisc.edu,Female,49
361,Elspeth,Tabourin,etabourina0@histats.com,Female,34
362,Jeanie,Le Galle,jlegallea1@bloglines.com,Female,38
363,Idaline,Polet,ipoleta2@cdc.gov,Female,92
364,Antoni,Blunsum,ablunsuma3@last.fm,Male,97
365,Mar,Broxup,mbroxupa4@constantcontact.com,Male,42
366,Victoir,Selly,vsellya5@ifeng.com,Male,88
367,Justino,Champney,jchampneya6@slideshare.net,Male,35
368,Neale,Ferrieroi,nferrieroia7@bravesites.com,Male,49
369,Xena,Maudsley,xmaudsleya8@github.com,Female,95
370,Mehetabel,Marquess,mmarquessa9@umn.edu,Female,56
371,Benedikt,Spraberry,bspraberryaa@delicious.com,Male,75
372,Kirbie,Stede,kstedeab@miibeian.gov.cn,Female,37
373,Libbie,Esseby,lessebyac@google.fr,Female,56
374,Hasheem,Charters,hchartersad@vistaprint.com,Male,21
375,Goddart,Corrett,gcorrettae@gov.uk,Male,63
376,Neysa,Yoxall,nyoxallaf@devhub.com,Female,86
377,Sofia,Meach,smeachag@free.fr,Female,73
378,Hewitt,Paumier,hpaumierah@soundcloud.com,Male,74
379,Frasier,Rotlauf,frotlaufai@twitter.com,Male,91
380,Edvard,Tomeo,etomeoaj@omniture.com,Male,55
381,Nap,Kermon,nkermonak@hud.gov,Male,59
382,Timmy,Lineker,tlinekeral@wordpress.com,Male,22
383,Christa,Ortega,cortegaam@mlb.com,Female,68
384,Saundra,Bilby,sbilbyan@newyorker.com,Male,35
385,Pieter,Petraitis,ppetraitisao@wikispaces.com,Male,74
386,Lennard,O'Donohue,lodonohueap@mozilla.com,Male,83
387,Thornie,Duchan,tduchanaq@free.fr,Male,40
388,Tina,Ughelli,tughelliar@paginegialle.it,Female,30
389,Anna-maria,Tomaszewicz,atomaszewiczas@theguardian.com,Female,43
390,Aggy,Quakley,aquakleyat@answers.com,Female,27
391,Debee,Brunon,dbrunonau@zdnet.com,Female,58
392,Silas,Burvill,sburvillav@zimbio.com,Male,98
393,Franciskus,Ferrer,fferreraw@fc2.com,Polygender,21
394,Demetri,Mustoo,dmustooax@nydailynews.com,Male,55
395,Rodolphe,Yorston,ryorstonay@fema.gov,Male,73
396,Dmitri,Londors,dlondorsaz@yolasite.com,Male,51
397,Shirl,Moye,smoyeb0@php.net,Female,64
398,Amity,Couper,acouperb1@indiatimes.com,Female,61
399,Teddy,Bickle,tbickleb2@mail.ru,Female,38
400,Theo,Tremellier,ttremellierb3@weather.com,Male,93
401,Celene,Glassup,cglassupb4@boston.com,Female,38
402,Rianon,Klausewitz,rklausewitzb5@dropbox.com,Female,93
403,Christabella,Vazquez,cvazquezb6@imageshack.us,Female,46
404,Mil,Arderne,marderneb7@goodreads.com,Female,40
405,Isadore,Mateescu,imateescub8@bandcamp.com,Male,73
406,Gillan,Rantoul,grantoulb9@issuu.com,Female,93
407,Briney,Dobbs,bdobbsba@furl.net,Female,90
408,Thornie,Russ,trussbb@devhub.com,Male,62
409,Jennilee,Geake,jgeakebc@arizona.edu,Female,94
410,Sharon,Auty,sautybd@unblog.fr,Female,87
411,Hillyer,Ambroix,hambroixbe@purevolume.com,Male,64
412,Mahmoud,Gerb,mgerbbf@bloglovin.com,Male,68
413,Kathryn,Cuncarr,kcuncarrbg@youtube.com,Female,52
414,Gilbert,Blything,gblythingbh@blinklist.com,Male,57
415,Gael,Dyter,gdyterbi@xing.com,Female,77
416,Kelwin,Vowell,kvowellbj@hp.com,Male,50
417,Spencer,Algy,salgybk@washingtonpost.com,Male,86
418,Clovis,Karlqvist,ckarlqvistbl@friendfeed.com,Female,79
419,Baxter,Coogan,bcooganbm@desdev.cn,Male,98
420,Clark,Alabone,calabonebn@pinterest.com,Male,94
421,Jerrilyn,Doge,jdogebo@youtu.be,Female,74
422,Chrisy,Kyne,ckynebp@typepad.com,Male,87
423,Wyatt,Fautly,wfautlybq@aboutads.info,Male,78
424,Lindon,Emer,lemerbr@salon.com,Male,82
425,Hildegarde,Attiwill,hattiwillbs@nasa.gov,Female,81
426,Dion,Gabbitis,dgabbitisbt@bigcartel.com,Male,41
427,Reeba,Bealton,rbealtonbu@si.edu,Female,81
428,Lisbeth,Phillis,lphillisbv@yandex.ru,Female,100
429,Lulita,Purkess,lpurkessbw@freewebs.com,Female,28
430,Temp,Twallin,ttwallinbx@omniture.com,Male,64
431,Carlen,Luckham,cluckhamby@hhs.gov,Female,61
432,Field,McAndrew,fmcandrewbz@java.com,Male,70
433,Yalonda,Quarrington,yquarringtonc0@tiny.cc,Female,95
434,Candide,Pantridge,cpantridgec1@pinterest.com,Female,81
435,Aura,Keasey,akeaseyc2@yahoo.co.jp,Female,81
436,Hadley,Truran,htruranc3@phpbb.com,Male,87
437,Annabelle,Whyberd,awhyberdc4@blogs.com,Female,67
438,Genevra,Lawee,glaweec5@networkadvertising.org,Female,97
439,Paton,Dunphy,pdunphyc6@go.com,Male,20
440,Feliks,Galia,fgaliac7@earthlink.net,Male,86
441,Mitzi,Matfield,mmatfieldc8@nymag.com,Female,62
442,Nathanael,Gill,ngillc9@xinhuanet.com,Male,70
443,Leonelle,Goodhall,lgoodhallca@amazon.co.uk,Genderqueer,38
444,Sharon,Trappe,strappecb@mayoclinic.com,Female,46
445,Marmaduke,Sarver,msarvercc@guardian.co.uk,Male,93
446,Breanne,Blackway,bblackwaycd@yale.edu,Female,99
447,Audrie,Siemon,asiemonce@pinterest.com,Female,90
448,Welsh,McOrkil,wmcorkilcf@eepurl.com,Male,49
449,Harley,Cullingworth,hcullingworthcg@nifty.com,Bigender,84
450,Farley,Checcuzzi,fcheccuzzich@hexun.com,Male,33
451,Daphne,Middis,dmiddisci@constantcontact.com,Female,88
452,Marshal,Mixhel,mmixhelcj@reuters.com,Male,43
453,Katerina,Otham,kothamck@webeden.co.uk,Genderfluid,88
454,Werner,Drake,wdrakecl@netvibes.com,Male,98
455,Rudd,Hembery,rhemberycm@t-online.de,Male,31
456,Alden,Ledward,aledwardcn@java.com,Male,65
457,Clare,Liven,clivenco@hexun.com,Female,69
458,Lavena,Smiley,lsmileycp@youku.com,Non-binary,50
459,Nerty,Petti,npetticq@baidu.com,Female,69
460,Sonny,Baldi,sbaldicr@merriam-webster.com,Male,35
461,Rosalyn,MacAlees,rmacaleescs@tripadvisor.com,Female,58
462,Katlin,Syer,ksyerct@dedecms.com,Female,41
463,Imelda,Messenbird,imessenbirdcu@last.fm,Female,41
464,Dewain,Chanders,dchanderscv@pinterest.com,Male,66
465,Christiane,Hindsberg,chindsbergcw@php.net,Female,36
466,Clerissa,Dumini,cduminicx@sogou.com,Female,48
467,Abe,Lexa,alexacy@ocn.ne.jp,Male,81
468,Bronson,Speenden,bspeendencz@nytimes.com,Male,84
469,Erika,Ping,epingd0@freewebs.com,Female,27
470,Wiatt,Bulpitt,wbulpittd1@yahoo.com,Bigender,65
471,Peder,Dowrey,pdowreyd2@themeforest.net,Male,75
472,Belita,Lescop,blescopd3@themeforest.net,Female,59
473,Gusella,Beedham,gbeedhamd4@spiegel.de,Female,69
474,Thomasina,Baytrop,tbaytropd5@chron.com,Female,81
475,Rosabel,Lune,rluned6@addthis.com,Female,51
476,Kiley,Hurche,khurched7@squarespace.com,Female,50
477,Natassia,Rizzotto,nrizzottod8@shop-pro.jp,Female,60
478,Carling,Freeland,cfreelandd9@cbslocal.com,Male,71
479,Shermie,Benzing,sbenzingda@psu.edu,Male,35
480,Augustin,Crannis,acrannisdb@netvibes.com,Male,36
481,Venita,Arents,varentsdc@exblog.jp,Female,66
482,Antonetta,Dronsfield,adronsfielddd@bloomberg.com,Female,92
483,Kattie,Hollier,khollierde@globo.com,Female,59
484,Ximenez,Pezey,xpezeydf@soup.io,Male,69
485,Derrick,Riste,dristedg@mac.com,Male,25
486,Vasili,Bernier,vbernierdh@eepurl.com,Male,38
487,Nigel,Leversha,nlevershadi@seesaa.net,Male,29
488,Corbett,Rocco,croccodj@eventbrite.com,Male,81
489,Luis,Avramov,lavramovdk@latimes.com,Male,95
490,Dinah,Mahady,dmahadydl@archive.org,Agender,74
491,Adelheid,de Chastelain,adechastelaindm@alibaba.com,Female,68
492,Sula,O'Hare,soharedn@booking.com,Female,25
493,Krispin,Duckett,kduckettdo@rambler.ru,Male,27
494,Giffy,Bulfoy,gbulfoydp@rambler.ru,Male,29
495,Jodie,Almak,jalmakdq@nih.gov,Male,60
496,Darryl,Searchfield,dsearchfielddr@intel.com,Polygender,47
497,Viviana,Eastup,veastupds@pen.io,Genderqueer,32
498,Dannel,Paik,dpaikdt@opera.com,Male,83
499,Charlena,Ayto,caytodu@nytimes.com,Female,32
500,Lexie,Ludlom,lludlomdv@fastcompany.com,Female,72
501,Manny,Rodie,mrodiedw@angelfire.com,Genderfluid,82
502,Gloria,Paradise,gparadisedx@issuu.com,Female,99
503,Christa,Sandbrook,csandbrookdy@ibm.com,Female,67
504,Lucius,Balle,lballedz@shareasale.com,Male,91
505,Solly,Sambidge,ssambidgee0@bigcartel.com,Genderqueer,78
506,Grenville,Meneer,gmeneere1@nytimes.com,Male,23
507,Leonhard,Frango,lfrangoe2@zdnet.com,Male,34
508,Foss,Illwell,fillwelle3@cdbaby.com,Male,63
509,Lucina,Headford,lheadforde4@samsung.com,Female,70
510,Ogdon,Blowfelde,oblowfeldee5@indiatimes.com,Male,27
511,Keen,Brankley,kbrankleye6@wikia.com,Male,56
512,Angelo,O'Fogerty,aofogertye7@guardian.co.uk,Male,91
513,Perceval,Nichols,pnicholse8@senate.gov,Male,26
514,My,Feveryear,mfeveryeare9@youtube.com,Male,23
515,Reginald,Haversum,rhaversumea@squidoo.com,Male,51
516,Carlen,Hugill,chugilleb@pinterest.com,Non-binary,27
517,Revkah,Stollenbecker,rstollenbeckerec@youku.com,Female,68
518,Eldridge,Iorio,eiorioed@exblog.jp,Bigender,81
519,Mart,Spurman,mspurmanee@163.com,Genderfluid,62
520,Shelley,Croizier,scroizieref@friendfeed.com,Male,58
521,Madelon,Pieter,mpietereg@eventbrite.com,Female,33
522,Helyn,Flower,hflowereh@google.es,Female,94
523,Jase,Simmons,jsimmonsei@blogtalkradio.com,Male,27
524,Timmy,Molyneux,tmolyneuxej@vinaora.com,Female,28
525,Dreddy,Metham,dmethamek@scientificamerican.com,Female,30
526,Rudolf,Slane,rslaneel@ocn.ne.jp,Bigender,45
527,Brenna,Spillane,bspillaneem@amazon.co.uk,Female,76
528,Phillis,Whiff,pwhiffen@about.me,Polygender,29
529,Lucia,Hollyard,lhollyardeo@zimbio.com,Female,55
530,Matthew,Benn,mbennep@smh.com.au,Male,28
531,Shane,Gudahy,sgudahyeq@ucoz.ru,Male,80
532,Wilfred,Alexander,walexanderer@wikimedia.org,Male,44
533,Halli,Snoddon,hsnoddones@is.gd,Female,65
534,Westley,Lempke,wlempkeet@e-recht24.de,Male,53
535,Mufi,O'Shiels,moshielseu@google.fr,Female,40
536,Garry,Bumby,gbumbyev@dell.com,Male,23
537,Sven,Balfour,sbalfourew@dagondesign.com,Genderqueer,93
538,Monroe,Sparrowe,msparroweex@wunderground.com,Male,45
539,Adaline,Kenealy,akenealyey@examiner.com,Female,98
540,Hazlett,Snalham,hsnalhamez@tuttocitta.it,Male,58
541,Ivor,Purle,ipurlef0@wisc.edu,Male,69
542,Rochella,Oxley,roxleyf1@digg.com,Female,39
543,Derwin,Barkhouse,dbarkhousef2@globo.com,Male,52
544,Meara,Fawdery,mfawderyf3@yellowpages.com,Female,73
545,Cortie,Belden,cbeldenf4@wunderground.com,Male,49
546,Pincus,Canadine,pcanadinef5@diigo.com,Male,75
547,Lacee,De la Feld,ldelafeldf6@infoseek.co.jp,Female,86
548,Linet,Scrange,lscrangef7@cloudflare.com,Bigender,74
549,Wilmar,Jandak,wjandakf8@hostgator.com,Male,59
550,Nata,Pietzker,npietzkerf9@freewebs.com,Female,71
551,Jennee,McGrath,jmcgrathfa@slashdot.org,Female,61
552,Jeri,Greschke,jgreschkefb@hao123.com,Female,78
553,Patty,Terlinden,pterlindenfc@163.com,Male,35
554,Marielle,Lauderdale,mlauderdalefd@dailymotion.com,Female,32
555,Cly,Horsley,chorsleyfe@blog.com,Male,48
556,Kerrie,Bufton,kbuftonff@gnu.org,Female,32
557,Lyn,Bacup,lbacupfg@google.it,Male,49
558,Sammy,Edgeon,sedgeonfh@chron.com,Bigender,26
559,Darlleen,Grimmert,dgrimmertfi@usa.gov,Female,41
560,Aguistin,Goatman,agoatmanfj@last.fm,Male,41
561,Darnell,Coultas,dcoultasfk@cyberchimps.com,Male,66
562,Nappy,Boog,nboogfl@merriam-webster.com,Male,50
563,Olivier,Saltsberger,osaltsbergerfm@theglobeandmail.com,Bigender,24
564,Miller,Peascod,mpeascodfn@about.me,Male,25
565,Radcliffe,Dawbery,rdawberyfo@cpanel.net,Male,85
566,Bernard,Dallas,bdallasfp@i2i.jp,Male,70
567,Constantine,Garrioch,cgarriochfq@google.de,Female,97
568,Noak,Loughhead,nloughheadfr@ft.com,Agender,37
569,Meriel,Gatling,mgatlingfs@is.gd,Female,77
570,Myer,Ribou,mribouft@is.gd,Non-binary,26
571,Bendick,Rickets,bricketsfu@typepad.com,Agender,35
572,Elton,Hilldrop,ehilldropfv@drupal.org,Male,49
573,Padgett,Petrusch,ppetruschfw@yellowpages.com,Male,76
574,Lewiss,McKain,lmckainfx@wiley.com,Male,34
575,Janna,Tranckle,jtrancklefy@dailymotion.com,Female,80
576,Keri,Leele,kleelefz@shop-pro.jp,Female,34
577,Mandie,Frears,mfrearsg0@arizona.edu,Female,91
578,Laurene,Viollet,lviolletg1@craigslist.org,Female,48
579,Drusie,Skep,dskepg2@msu.edu,Female,41
580,Shelley,Dower,sdowerg3@opensource.org,Female,69
581,Calli,Pollins,cpollinsg4@tripod.com,Bigender,23
582,Karna,Stephen,kstepheng5@reddit.com,Female,62
583,Hazel,Dahmke,hdahmkeg6@uiuc.edu,Genderfluid,41
584,Shoshanna,Wisniewski,swisniewskig7@gov.uk,Female,34
585,Dido,Brundill,dbrundillg8@utexas.edu,Female,86
586,Ailsun,Painswick,apainswickg9@topsy.com,Non-binary,26
587,Nonie,Pouck,npouckga@yahoo.com,Female,90
588,Ciel,Pury,cpurygb@patch.com,Female,72
589,Xylia,Durno,xdurnogc@who.int,Bigender,23
590,Tonie,Pinhorn,tpinhorngd@nature.com,Female,61
591,Karel,Cobley,kcobleyge@timesonline.co.uk,Female,83
592,Earvin,Cockran,ecockrangf@blogger.com,Male,90
593,Gabriel,MacComiskey,gmaccomiskeygg@weibo.com,Male,48
594,Leese,De Beneditti,ldebenedittigh@yahoo.co.jp,Female,87
595,Violette,Tidey,vtideygi@harvard.edu,Female,29
596,Laverne,Rau,lraugj@cafepress.com,Female,49
597,Meg,Hallahan,mhallahangk@washington.edu,Female,20
598,Michaela,Mickelwright,mmickelwrightgl@skype.com,Female,51
599,Miles,Giacubbo,mgiacubbogm@people.com.cn,Male,76
600,Helga,Fearby,hfearbygn@yahoo.com,Female,78
601,Korrie,Taleworth,ktaleworthgo@nhs.uk,Female,48
602,Emmott,Okie,eokiegp@clickbank.net,Male,80
603,Hebert,Cardoso,hcardosogq@clickbank.net,Male,71
604,Jourdan,Rouch,jrouchgr@vistaprint.com,Female,22
605,Herby,Stratten,hstrattengs@amazon.co.uk,Male,70
606,Rori,Dellow,rdellowgt@hibu.com,Female,26
607,Frans,Batcock,fbatcockgu@arstechnica.com,Male,36
608,Dina,Elcome,delcomegv@dagondesign.com,Female,39
609,Emerson,Fleis,efleisgw@amazon.co.jp,Male,46
610,Maren,Hansen,mhansengx@dyndns.org,Female,41
611,Adena,Heningam,aheningamgy@seesaa.net,Female,42
612,Brandea,Junkison,bjunkisongz@sohu.com,Female,88
613,Rosalynd,Dudden,rduddenh0@independent.co.uk,Female,96
614,Biddy,Richmond,brichmondh1@wikimedia.org,Female,64
615,Tiphani,Skirvane,tskirvaneh2@blinklist.com,Female,46
616,Hyacinth,Lademann,hlademannh3@google.com.au,Female,85
617,Park,Oppy,poppyh4@businesswire.com,Male,76
618,Taryn,Juanico,tjuanicoh5@unesco.org,Female,76
619,Agathe,Signorelli,asignorellih6@ftc.gov,Female,93
620,Gray,Outhwaite,gouthwaiteh7@amazon.de,Male,50
621,Naoma,Allott,nallotth8@ucsd.edu,Female,22
622,Burlie,Felton,bfeltonh9@admin.ch,Male,80
623,Gordie,Clue,gclueha@spiegel.de,Male,61
624,Towney,Kinnon,tkinnonhb@ucla.edu,Polygender,24
625,Charo,Willshee,cwillsheehc@google.fr,Agender,86
626,Harwilll,Hughson,hhughsonhd@istockphoto.com,Male,73
627,Matilda,Critten,mcrittenhe@arstechnica.com,Female,33
628,Mitchell,Trumper,mtrumperhf@uiuc.edu,Male,20
629,Carmelina,Sabates,csabateshg@google.cn,Female,74
630,Zebulon,Czyz,zczyzhh@ustream.tv,Male,45
631,Jordan,Symcoxe,jsymcoxehi@loc.gov,Female,72
632,Shelby,Baud,sbaudhj@hostgator.com,Female,39
633,Charlean,Soloway,csolowayhk@tripadvisor.com,Female,64
634,Joell,Landers,jlandershl@un.org,Female,32
635,Harmony,Brian,hbrianhm@who.int,Female,24
636,Beatrisa,Fylan,bfylanhn@illinois.edu,Female,72
637,Lina,Rosin,lrosinho@howstuffworks.com,Female,61
638,Sandie,Devonald,sdevonaldhp@blinklist.com,Genderqueer,97
639,Reuven,Snarie,rsnariehq@cbc.ca,Male,69
640,Pasquale,Cardo,pcardohr@ezinearticles.com,Male,56
641,Mellisa,Bache,mbachehs@icq.com,Female,80
642,Carmen,Dono,cdonoht@washingtonpost.com,Female,67
643,Rhiamon,Steagall,rsteagallhu@mozilla.org,Female,27
644,Wenonah,Amiranda,wamirandahv@hhs.gov,Female,31
645,Clerkclaude,Stiant,cstianthw@plala.or.jp,Male,25
646,Nolan,Meakin,nmeakinhx@foxnews.com,Male,67
647,Oberon,Siseland,osiselandhy@icio.us,Male,47
648,Darb,Lacknor,dlacknorhz@ebay.co.uk,Female,94
649,Sheff,Orrah,sorrahi0@feedburner.com,Male,45
650,Fairleigh,Purry,fpurryi1@privacy.gov.au,Genderfluid,52
651,Maudie,Beazey,mbeazeyi2@qq.com,Female,95
652,Marie-ann,Sangwine,msangwinei3@intel.com,Female,54
653,Chas,Armatage,carmatagei4@mediafire.com,Male,82
654,Gamaliel,Vedeneev,gvedeneevi5@walmart.com,Male,70
655,Orren,Hinckesman,ohinckesmani6@yale.edu,Genderqueer,57
656,Clyde,Garraway,cgarrawayi7@naver.com,Male,24
657,Emmit,Speeks,espeeksi8@edublogs.org,Male,83
658,Nap,Ronan,nronani9@github.io,Male,45
659,Kareem,Korb,kkorbia@craigslist.org,Male,34
660,Gisella,Blakes,gblakesib@prweb.com,Female,26
661,Erick,Gardiner,egardineric@loc.gov,Male,89
662,Gregoire,Dellenbroker,gdellenbrokerid@bing.com,Male,62
663,Noble,Oliveti,nolivetiie@51.la,Male,35
664,Harriette,Domegan,hdomeganif@liveinternet.ru,Female,52
665,Natty,Semark,nsemarkig@bluehost.com,Male,89
666,Reagan,Dyshart,rdyshartih@quantcast.com,Polygender,56
667,Lucie,Brimmacombe,lbrimmacombeii@discuz.net,Female,78
668,Zacharia,Veltmann,zveltmannij@indiegogo.com,Male,77
669,Melesa,Taw,mtawik@nasa.gov,Non-binary,49
670,Buiron,Voyce,bvoyceil@sciencedirect.com,Male,35
671,Tedda,Jobe,tjobeim@dailymail.co.uk,Female,91
672,Ford,Clash,fclashin@yelp.com,Male,89
673,Brit,Merredy,bmerredyio@ustream.tv,Female,96
674,Karim,Buncombe,kbuncombeip@naver.com,Male,77
675,Portia,Mulbry,pmulbryiq@wikispaces.com,Female,80
676,Nancey,Meeke,nmeekeir@nasa.gov,Female,83
677,Ky,Bedlington,kbedlingtonis@mac.com,Male,64
678,Jerad,Dods,jdodsit@a8.net,Non-binary,90
679,Marie-jeanne,Preuvost,mpreuvostiu@gov.uk,Female,20
680,Robbyn,Lammert,rlammertiv@blogspot.com,Female,73
681,Hailee,Loveguard,hloveguardiw@nifty.com,Female,31
682,Rogerio,Dimbylow,rdimbylowix@discovery.com,Male,24
683,Nancie,Welford,nwelfordiy@vkontakte.ru,Female,67
684,Reynold,Pressey,rpresseyiz@google.co.jp,Male,68
685,Ronald,Barbara,rbarbaraj0@ning.com,Non-binary,22
686,Zora,Ringsell,zringsellj1@google.com.br,Agender,27
687,Stanfield,Ramstead,sramsteadj2@wikispaces.com,Male,59
688,Goldina,Dowey,gdoweyj3@epa.gov,Female,48
689,Howie,Motto,hmottoj4@xing.com,Male,23
690,Edyth,Mogenot,emogenotj5@shinystat.com,Female,30
691,Camilla,Alexandre,calexandrej6@vistaprint.com,Female,95
692,Griz,Dufer,gduferj7@hc360.com,Genderfluid,53
693,Dulcy,Rickets,dricketsj8@reuters.com,Female,36
694,Izak,Derdes,iderdesj9@mtv.com,Male,50
695,Freddie,Leal,flealja@facebook.com,Male,58
696,Javier,Stott,jstottjb@ameblo.jp,Male,26
697,Keslie,Darwent,kdarwentjc@cocolog-nifty.com,Female,53
698,Mirelle,Koche,mkochejd@si.edu,Non-binary,95
699,Claybourne,MacGorley,cmacgorleyje@wufoo.com,Male,53
700,Stearn,Skellorne,sskellornejf@xinhuanet.com,Male,85
701,Anet,Rustan,arustanjg@joomla.org,Female,76
702,Berte,Hanalan,bhanalanjh@discovery.com,Female,64
703,Elizabeth,Lea,eleaji@amazonaws.com,Female,95
704,Wildon,Marquiss,wmarquissjj@yahoo.com,Male,93
705,Dorian,Weatherley,dweatherleyjk@narod.ru,Female,66
706,Massimo,Harral,mharraljl@pbs.org,Male,39
707,Calypso,Faley,cfaleyjm@paypal.com,Female,58
708,Kristos,Boydell,kboydelljn@samsung.com,Male,97
709,Pablo,Briscoe,pbriscoejo@google.com,Male,61
710,Maxie,Screas,mscreasjp@nifty.com,Male,51
711,Malanie,Verrill,mverrilljq@who.int,Female,65
712,Johannes,Thominga,jthomingajr@so-net.ne.jp,Male,57
713,Germayne,Polack,gpolackjs@yellowpages.com,Male,59
714,Adora,Seatter,aseatterjt@smh.com.au,Female,45
715,Gonzales,Matchell,gmatchellju@businessweek.com,Agender,28
716,Harbert,Calvey,hcalveyjv@typepad.com,Male,37
717,Berkley,Jahndel,bjahndeljw@un.org,Male,73
718,Charlena,Yonnie,cyonniejx@illinois.edu,Female,80
719,Annalise,Roper,aroperjy@usa.gov,Polygender,50
720,Ogden,Levitt,olevittjz@istockphoto.com,Genderqueer,56
721,Theodoric,Hurles,thurlesk0@canalblog.com,Male,82
722,Roz,Iannello,riannellok1@free.fr,Female,52
723,Susana,Francombe,sfrancombek2@sogou.com,Female,59
724,Robin,Evreux,revreuxk3@sciencedaily.com,Male,42
725,Adena,Moyne,amoynek4@barnesandnoble.com,Female,54
726,Hailee,De Mico,hdemicok5@cbc.ca,Female,95
727,Alma,Sleet,asleetk6@github.com,Bigender,95
728,Timothy,Konerding,tkonerdingk7@xinhuanet.com,Male,85
729,Emmery,Chatan,echatank8@examiner.com,Male,64
730,Eilis,Pillifant,epillifantk9@cdbaby.com,Female,22
731,Bertrando,Volette,bvoletteka@163.com,Male,36
732,Paula,Hambribe,phambribekb@cdc.gov,Agender,94
733,Grete,Kynd,gkyndkc@livejournal.com,Bigender,67
734,Xavier,Inglis,xingliskd@clickbank.net,Male,80
735,Binny,Stenning,bstenningke@printfriendly.com,Female,42
736,Joete,Faraker,jfarakerkf@unblog.fr,Female,61
737,Rice,Thayre,rthayrekg@miibeian.gov.cn,Male,66
738,Vite,Comiam,vcomiamkh@clickbank.net,Genderqueer,46
739,Kay,Traut,ktrautki@nymag.com,Female,36
740,Richart,Buckney,rbuckneykj@bloglovin.com,Agender,23
741,Angel,Eicheler,aeichelerkk@google.com.hk,Female,97
742,Terry,Alasdair,talasdairkl@merriam-webster.com,Male,29
743,Daren,Yanov,dyanovkm@acquirethisname.com,Male,33
744,Melloney,MacKimm,mmackimmkn@wikipedia.org,Female,91
745,Konstance,Onge,kongeko@slideshare.net,Female,43
746,Townsend,Sewards,tsewardskp@blogspot.com,Male,37
747,Tedmund,Scowcroft,tscowcroftkq@oracle.com,Male,89
748,Garfield,Timewell,gtimewellkr@ning.com,Male,46
749,Jamaal,Crocken,jcrockenks@cloudflare.com,Male,74
750,Gran,McCrystal,gmccrystalkt@technorati.com,Male,45
751,Rhianon,Ewdale,rewdaleku@bloomberg.com,Genderqueer,52
752,Retha,Smaling,rsmalingkv@newsvine.com,Female,75
753,Eddy,Alster,ealsterkw@webmd.com,Female,41
754,Ade,Giraldo,agiraldokx@cnet.com,Male,33
755,Harmonie,Cowland,hcowlandky@issuu.com,Female,40
756,Currie,Bernardos,cbernardoskz@webnode.com,Male,31
757,Elbertine,Haslin,ehaslinl0@free.fr,Female,92
758,Corrie,Buckle,cbucklel1@narod.ru,Male,60
759,Vikky,Turville,vturvillel2@nymag.com,Female,61
760,Giuseppe,Verman,gvermanl3@businesswire.com,Male,44
761,Aloysia,Dicks,adicksl4@symantec.com,Female,23
762,Giordano,Brindley,gbrindleyl5@histats.com,Male,97
763,Sibylla,Treves,strevesl6@admin.ch,Female,87
764,Belinda,Cammock,bcammockl7@oakley.com,Female,88
765,Prudy,Dupey,pdupeyl8@harvard.edu,Female,56
766,Osbourn,Chapier,ochapierl9@npr.org,Male,74
767,Shannon,Eilers,seilersla@zdnet.com,Male,73
768,Penny,Chadband,pchadbandlb@craigslist.org,Male,86
769,Hoyt,Beddows,hbeddowslc@surveymonkey.com,Male,58
770,Emmery,Calcott,ecalcottld@nifty.com,Male,61
771,Gus,Saunder,gsaunderle@about.com,Female,43
772,Wenona,Valentin,wvalentinlf@mit.edu,Female,64
773,Nicolai,Reeme,nreemelg@yolasite.com,Non-binary,54
774,Gawain,Glozman,gglozmanlh@is.gd,Male,91
775,Laurie,Laird-Craig,llairdcraigli@ucoz.ru,Male,52
776,Dov,Fillgate,dfillgatelj@technorati.com,Male,99
777,Bernardine,Preddle,bpreddlelk@washington.edu,Female,83
778,Bret,Carragher,bcarragherll@themeforest.net,Male,87
779,Jory,Philipeau,jphilipeaulm@mail.ru,Male,25
780,Ulrica,Ossulton,uossultonln@google.co.uk,Female,20
781,Othello,Rowsel,orowsello@shutterfly.com,Male,31
782,Wylie,Tidbury,wtidburylp@free.fr,Genderqueer,44
783,Royce,Cicullo,rcicullolq@ovh.net,Male,42
784,Orville,Angric,oangriclr@last.fm,Male,76
785,Micky,Bosence,mbosencels@fotki.com,Male,71
786,Lexine,Casaccio,lcasacciolt@engadget.com,Female,61
787,Horacio,Rouby,hroubylu@vkontakte.ru,Male,56
788,Willabella,Blaxter,wblaxterlv@youtu.be,Female,21
789,Dani,Skirlin,dskirlinlw@globo.com,Female,26
790,Maximilian,Waumsley,mwaumsleylx@wix.com,Male,81
791,Kathrine,Olechnowicz,kolechnowiczly@t.co,Female,31
792,Clementia,Jesse,cjesselz@google.co.uk,Female,82
793,Jessie,Skirlin,jskirlinm0@dion.ne.jp,Female,23
794,Salaidh,Ogbourne,sogbournem1@aol.com,Female,30
795,Joana,Dawson,jdawsonm2@istockphoto.com,Female,46
796,Tremayne,Izchaki,tizchakim3@shop-pro.jp,Male,68
797,Kamila,Dilloway,kdillowaym4@amazon.de,Bigender,47
798,Brendin,Iffe,biffem5@apache.org,Male,53
799,Zed,Lillicrop,zlillicropm6@xinhuanet.com,Male,46
800,Talbert,Kennaird,tkennairdm7@mashable.com,Male,37
801,Gilbert,Covil,gcovilm8@aol.com,Male,52
802,Rodolphe,Pampling,rpamplingm9@amazon.co.uk,Male,80
803,Tiebold,Stag,tstagma@weibo.com,Male,50
804,Alysia,Camerello,acamerellomb@51.la,Female,29
805,Udale,Peattie,upeattiemc@disqus.com,Genderqueer,75
806,Melisa,Frizzell,mfrizzellmd@loc.gov,Female,32
807,Neila,Aitkenhead,naitkenheadme@hexun.com,Female,29
808,Felita,Dorney,fdorneymf@constantcontact.com,Female,79
809,Alli,Stretton,astrettonmg@ycombinator.com,Female,85
810,Marisa,Rickman,mrickmanmh@google.es,Female,50
811,Robyn,Stannislawski,rstannislawskimi@netvibes.com,Female,91
812,Yule,Lindelof,ylindelofmj@unc.edu,Male,44
813,Hamlen,Gorgler,hgorglermk@elpais.com,Male,30
814,Agustin,Zamorrano,azamorranoml@bravesites.com,Male,38
815,Manny,Reedy,mreedymm@miitbeian.gov.cn,Male,89
816,Arnoldo,Eaglen,aeaglenmn@tinypic.com,Male,22
817,Bone,Bernardez,bbernardezmo@squarespace.com,Male,55
818,Wesley,Stiebler,wstieblermp@clickbank.net,Male,87
819,Ash,Wood,awoodmq@360.cn,Male,98
820,Faun,Haug,fhaugmr@cmu.edu,Female,75
821,Forbes,Mushart,fmushartms@typepad.com,Male,81
822,Jenifer,Geake,jgeakemt@google.com,Female,83
823,Adrianna,Gellett,agellettmu@bbc.co.uk,Female,100
824,Ethe,Rozec,erozecmv@businessweek.com,Male,82
825,Richy,Cubin,rcubinmw@jimdo.com,Male,34
826,Cyril,Caff,ccaffmx@samsung.com,Male,58
827,Devonna,Andreini,dandreinimy@china.com.cn,Non-binary,91
828,Birk,Berthe,bberthemz@pcworld.com,Non-binary,21
829,Chrissy,Dallender,cdallendern0@google.nl,Female,33
830,Brewer,Schreiner,bschreinern1@macromedia.com,Polygender,90
831,Maybelle,Gibben,mgibbenn2@washington.edu,Genderfluid,32
832,Phillipe,Deery,pdeeryn3@hao123.com,Male,68
833,Flora,Wince,fwincen4@wunderground.com,Female,53
834,Hinda,Hawtrey,hhawtreyn5@upenn.edu,Female,59
835,Franky,Punchard,fpunchardn6@wp.com,Female,38
836,Maurita,Eldredge,meldredgen7@answers.com,Female,97
837,Selia,Jori,sjorin8@auda.org.au,Female,29
838,Marleen,Floch,mflochn9@wikipedia.org,Female,55
839,Priscella,Tuddenham,ptuddenhamna@aol.com,Female,81
840,Rufus,MacGuffie,rmacguffienb@miitbeian.gov.cn,Male,42
841,Rene,Suggate,rsuggatenc@yellowbook.com,Male,83
842,Mae,Ianetti,mianettind@storify.com,Female,36
843,Ardys,Babar,ababarne@aol.com,Female,64
844,Geoffrey,Sally,gsallynf@amazon.de,Non-binary,86
845,Vinson,Karby,vkarbyng@posterous.com,Male,32
846,Tamar,Rabbet,trabbetnh@google.nl,Female,53
847,Gabbi,Torrent,gtorrentni@pinterest.com,Female,95
848,Harbert,McCuffie,hmccuffienj@printfriendly.com,Male,22
849,Jock,Gristock,jgristocknk@xing.com,Non-binary,38
850,Eugenio,Symers,esymersnl@addtoany.com,Male,78
851,Boniface,Dadley,bdadleynm@printfriendly.com,Male,55
852,Royall,Polet,rpoletnn@google.com,Male,83
853,Elmore,Orteaux,eorteauxno@mac.com,Male,86
854,Pooh,Dearsley,pdearsleynp@de.vu,Male,58
855,James,Boneham,jbonehamnq@washington.edu,Male,23
856,Cicily,Littefair,clittefairnr@jiathis.com,Female,62
857,Leo,Cheetham,lcheethamns@yahoo.co.jp,Male,50
858,Peyter,MacPake,pmacpakent@mapquest.com,Male,97
859,Mahmoud,Biggen,mbiggennu@prlog.org,Male,36
860,Dom,Kennerknecht,dkennerknechtnv@mapquest.com,Bigender,73
861,Anders,Fleckney,afleckneynw@friendfeed.com,Male,33
862,Alisa,Piegrome,apiegromenx@phpbb.com,Female,63
863,Boyd,Bernardo,bbernardony@stanford.edu,Bigender,73
864,Emanuele,Drinkale,edrinkalenz@adobe.com,Male,35
865,Obadias,Claibourn,oclaibourno0@chron.com,Male,22
866,Gabrielle,Emma,gemmao1@networksolutions.com,Female,88
867,Ada,Ockland,aocklando2@privacy.gov.au,Female,81
868,Devy,Crowch,dcrowcho3@timesonline.co.uk,Male,84
869,Atlanta,Herrieven,aherrieveno4@bigcartel.com,Female,93
870,Ryan,Albasiny,ralbasinyo5@dion.ne.jp,Male,76
871,Kym,Chew,kchewo6@netlog.com,Female,65
872,Lindon,O'Roan,loroano7@phoca.cz,Male,91
873,Duncan,McKenney,dmckenneyo8@wufoo.com,Male,40
874,Corene,Brimham,cbrimhamo9@un.org,Female,63
875,Drud,Niave,dniaveoa@latimes.com,Male,24
876,Dionysus,Januszkiewicz,djanuszkiewiczob@wsj.com,Male,41
877,Amanda,Reglar,areglaroc@imdb.com,Female,36
878,Harrietta,Fairall,hfairallod@constantcontact.com,Female,29
879,Lynn,Dechelette,ldecheletteoe@hatena.ne.jp,Female,43
880,Marwin,Wankling,mwanklingof@bing.com,Male,28
881,Berny,Adiscot,badiscotog@sakura.ne.jp,Male,20
882,Tamar,Toner,ttoneroh@prlog.org,Female,59
883,Darell,Larmouth,dlarmouthoi@usgs.gov,Genderfluid,49
884,Nola,Ridde,nriddeoj@hibu.com,Polygender,59
885,Rochell,Louche,rloucheok@pcworld.com,Female,80
886,Leticia,Kleinmann,lkleinmannol@ftc.gov,Female,44
887,Federica,Beeze,fbeezeom@hatena.ne.jp,Female,93
888,Jerrine,Cordero,jcorderoon@about.com,Female,71
889,Sheba,Todman,stodmanoo@japanpost.jp,Female,64
890,Stearn,Annion,sannionop@blogger.com,Male,27
891,Marietta,Pettyfar,mpettyfaroq@paypal.com,Male,24
892,Barbe,Readwing,breadwingor@yellowbook.com,Female,36
893,Dianna,Sabbatier,dsabbatieros@hostgator.com,Female,84
894,Brook,Frier,bfrierot@cmu.edu,Male,29
895,Aggie,Mahaffey,amahaffeyou@purevolume.com,Non-binary,81
896,Codee,Hellwig,chellwigov@yale.edu,Female,37
897,Robbyn,Gillani,rgillaniow@lulu.com,Female,97
898,Wendi,Burdekin,wburdekinox@virginia.edu,Female,25
899,Mercy,Fletham,mflethamoy@va.gov,Female,43
900,Grenville,Eastham,geasthamoz@answers.com,Male,79
901,Xymenes,Eakley,xeakleyp0@buzzfeed.com,Male,57
902,Lorie,Shadbolt,lshadboltp1@theglobeandmail.com,Female,50
903,Crysta,Racher,cracherp2@de.vu,Female,56
904,Marven,Messer,mmesserp3@e-recht24.de,Male,71
905,Alvie,Wandtke,awandtkep4@elpais.com,Male,92
906,Allistir,Brister,abristerp5@princeton.edu,Agender,44
907,Shanna,Stanford,sstanfordp6@sciencedirect.com,Female,77
908,Kean,Egginton,keggintonp7@newyorker.com,Male,46
909,Paten,Jimmison,pjimmisonp8@weibo.com,Male,66
910,Priscilla,Tomei,ptomeip9@usda.gov,Female,98
911,Kaitlynn,Wotherspoon,kwotherspoonpa@mysql.com,Female,76
912,Jany,Menure,jmenurepb@upenn.edu,Female,86
913,Tami,Goldthorp,tgoldthorppc@mediafire.com,Female,75
914,Tomas,Kuna,tkunapd@quantcast.com,Male,65
915,Drugi,Rendbaek,drendbaekpe@dell.com,Male,97
916,Thornie,Coweuppe,tcoweuppepf@nhs.uk,Male,88
917,Hadleigh,Kirvin,hkirvinpg@dmoz.org,Male,65
918,Janeen,Goudy,jgoudyph@delicious.com,Female,26
919,Abdel,Perring,aperringpi@ask.com,Male,60
920,Byron,Glozman,bglozmanpj@amazonaws.com,Male,78
921,Emmanuel,Ely,eelypk@engadget.com,Male,71
922,Thornie,Wollrauch,twollrauchpl@discovery.com,Male,75
923,Roldan,Curgenven,rcurgenvenpm@github.com,Male,24
924,Adelina,Brownlie,abrownliepn@marketwatch.com,Female,47
925,Kinsley,Abadam,kabadampo@omniture.com,Male,36
926,Kimbell,Bensusan,kbensusanpp@columbia.edu,Male,53
927,Therese,McLise,tmclisepq@mysql.com,Female,64
928,Evy,Thoumas,ethoumaspr@usda.gov,Female,68
929,Alana,Remer,aremerps@boston.com,Bigender,92
930,Jules,Godon,jgodonpt@mail.ru,Male,28
931,Marris,Popley,mpopleypu@people.com.cn,Female,65
932,Hyacintha,Folomin,hfolominpv@dropbox.com,Female,48
933,Isidor,Lamerton,ilamertonpw@mayoclinic.com,Male,87
934,Creight,Bengtson,cbengtsonpx@4shared.com,Male,28
935,Nikolaus,Corbie,ncorbiepy@latimes.com,Male,90
936,Amalle,Dyos,adyospz@state.tx.us,Female,47
937,Claudine,Masic,cmasicq0@flickr.com,Female,68
938,Willie,Nears,wnearsq1@yellowbook.com,Male,56
939,Collie,Scartifield,cscartifieldq2@wikispaces.com,Female,57
940,Yovonnda,Pavlenkov,ypavlenkovq3@cornell.edu,Female,42
941,Kylie,Mougeot,kmougeotq4@nydailynews.com,Male,50
942,Jae,Emmott,jemmottq5@squidoo.com,Male,71
943,Elsey,Beranek,eberanekq6@archive.org,Female,49
944,Louise,Biggerdike,lbiggerdikeq7@yolasite.com,Female,75
945,Rhys,Duffield,rduffieldq8@newsvine.com,Male,97
946,Curcio,Cosyns,ccosynsq9@vk.com,Male,43
947,Agnese,Prendeguest,aprendeguestqa@list-manage.com,Female,69
948,Bearnard,Letchford,bletchfordqb@oaic.gov.au,Genderqueer,74
949,Olwen,Pickhaver,opickhaverqc@answers.com,Female,43
950,Evered,Wardlaw,ewardlawqd@netlog.com,Male,66
951,Stephani,Roeby,sroebyqe@altervista.org,Female,68
952,Hadrian,Coley,hcoleyqf@sfgate.com,Male,38
953,Gard,Pisco,gpiscoqg@arizona.edu,Male,48
954,Becka,Aslie,baslieqh@harvard.edu,Female,63
955,Judith,Lambertazzi,jlambertazziqi@feedburner.com,Female,47
956,Guthry,Gregorio,ggregorioqj@flickr.com,Male,47
957,Millisent,Cookes,mcookesqk@github.com,Female,100
958,Daryn,Ing,dingql@opera.com,Female,40
959,Leigh,Booy,lbooyqm@jalbum.net,Male,22
960,Shelia,Dyett,sdyettqn@cnet.com,Polygender,69
961,Kerk,Bowles,kbowlesqo@slashdot.org,Male,78
962,Kristofer,Shear,kshearqp@patch.com,Male,39
963,Karel,Jacox,kjacoxqq@amazon.de,Female,36
964,Tod,Longfield,tlongfieldqr@google.com,Male,80
965,Timothee,Lepard,tlepardqs@godaddy.com,Male,20
966,Britney,Jull,bjullqt@wikispaces.com,Female,78
967,Candice,Calam,ccalamqu@bloomberg.com,Female,49
968,Ashlan,Bonnick,abonnickqv@github.io,Agender,61
969,Merry,Deverock,mdeverockqw@ftc.gov,Female,74
970,Camel,Viggers,cviggersqx@adobe.com,Female,33
971,Pincus,Dalziel,pdalzielqy@live.com,Male,89
972,Dex,Witherup,dwitherupqz@creativecommons.org,Male,25
973,Johann,Dello,jdellor0@1688.com,Male,26
974,Kimberli,Scramage,kscramager1@xinhuanet.com,Female,92
975,Sondra,Cavolini,scavolinir2@mtv.com,Female,23
976,Lilllie,Tamsett,ltamsettr3@mapquest.com,Female,20
977,Vince,Khomich,vkhomichr4@nhs.uk,Male,47
978,Jessamine,Gerram,jgerramr5@vk.com,Female,91
979,Flossy,Roxby,froxbyr6@whitehouse.gov,Female,80
980,Denny,Drinkall,ddrinkallr7@deviantart.com,Female,63
981,Francois,Leynham,fleynhamr8@sciencedirect.com,Male,66
982,Kenon,Callf,kcallfr9@posterous.com,Male,20
983,Cherida,Oliffe,coliffera@npr.org,Female,67
984,Kippie,O' Hanvey,kohanveyrb@altervista.org,Male,85
985,Orel,Feedome,ofeedomerc@usgs.gov,Female,33
986,Ring,Sacker,rsackerrd@senate.gov,Male,81
987,Carolynn,Pointon,cpointonre@theguardian.com,Female,61
988,Francklyn,Spiby,fspibyrf@altervista.org,Male,41
989,Dahlia,Russam,drussamrg@ameblo.jp,Bigender,89
990,Levin,Rouby,lroubyrh@sphinn.com,Male,74
991,Flint,Hayland,fhaylandri@java.com,Male,44
992,Mamie,Capstack,mcapstackrj@slate.com,Female,25
993,Jackie,Reffe,jrefferk@nbcnews.com,Male,65
994,Jarad,Kingsbury,jkingsburyrl@columbia.edu,Male,65
995,Cob,Chate,cchaterm@live.com,Male,76
996,Duke,Horsted,dhorstedrn@sitemeter.com,Agender,38
997,Bent,Snoxill,bsnoxillro@wired.com,Male,46
998,Kile,McGucken,kmcguckenrp@studiopress.com,Genderfluid,45
999,Ali,Elderton,aeldertonrq@walmart.com,Female,41
1000,Arron,Duncan,aduncanrr@tripod.com,Male,29
